No,Cluster,Question,Suggested slug,Funnel stage,Priority
1,Cost and pricing,How much does a private tutor cost in the UK in 2026?,how-much-does-a-private-tutor-cost-uk,Middle,High
2,Cost and pricing,How much does a maths tutor cost per hour?,how-much-does-a-maths-tutor-cost-per-hour,Middle,High
3,Cost and pricing,How much does an English tutor cost per hour?,how-much-does-an-english-tutor-cost-per-hour,Middle,High
4,Cost and pricing,How much does a science tutor cost per hour?,how-much-does-a-science-tutor-cost-per-hour,Middle,High
5,Cost and pricing,Why do tutoring prices range from £25 to £100 an hour?,why-do-tutoring-prices-vary-so-much,Middle,High
6,Cost and pricing,Is online tutoring cheaper than in-person tutoring?,is-online-tutoring-cheaper-than-in-person,Middle,High
7,Cost and pricing,How much does tutoring cost in London compared with the rest of the UK?,tutoring-costs-london-vs-rest-of-uk,Middle,Medium
8,Cost and pricing,How much should I budget for a full year of GCSE tutoring?,cost-of-a-year-of-gcse-tutoring,Bottom,High
9,Cost and pricing,How much does A-Level tutoring cost for a full year?,cost-of-a-year-of-a-level-tutoring,Bottom,High
10,Cost and pricing,What does tutoring cost per term?,how-much-does-tutoring-cost-per-term,Middle,Medium
11,Cost and pricing,Do tutors charge more during exam season?,do-tutors-charge-more-in-exam-season,Middle,Medium
12,Cost and pricing,Do tutors charge for travel time?,do-tutors-charge-for-travel-time,Bottom,Medium
13,Cost and pricing,Is group tutoring cheaper than one-to-one and does it work as well?,group-tutoring-vs-one-to-one-cost,Middle,Medium
14,Cost and pricing,How much does 11+ tutoring cost?,how-much-does-11-plus-tutoring-cost,Middle,Medium
15,Cost and pricing,How much does Oxbridge and medicine admissions tutoring cost?,how-much-does-admissions-tutoring-cost,Middle,Medium
16,Cost and pricing,Do tutoring agencies charge a registration or matching fee?,do-tutoring-agencies-charge-a-registration-fee,Bottom,Medium
17,Cost and pricing,Why do agency tutors cost more than tutors found in Facebook groups?,why-agency-tutors-cost-more,Middle,High
18,Cost and pricing,Is a cheap tutor ever worth it?,is-a-cheap-tutor-worth-it,Middle,High
19,Value and results,Is tutoring actually worth the money?,is-tutoring-worth-the-money,Middle,High
20,Value and results,Does tutoring really improve grades and by how much?,does-tutoring-improve-grades,Middle,High
21,Value and results,How many grades can a tutor realistically move my child up?,how-many-grades-can-a-tutor-improve,Middle,High
22,Value and results,Is tutoring worth it if my child is already predicted an A?,is-tutoring-worth-it-for-high-achievers,Middle,Medium
23,Value and results,Is tutoring worth it for a child who is coping fine?,is-tutoring-worth-it-if-my-child-is-doing-fine,Middle,Medium
24,Value and results,What do parents actually get back for what they spend on tutoring?,tutoring-return-on-investment,Middle,Medium
25,Value and results,Is it worth getting a tutor for just one subject?,is-a-tutor-worth-it-for-one-subject,Middle,High
26,Value and results,Can tutoring help my child get into a grammar or private school?,can-tutoring-help-with-selective-school-entry,Middle,Medium
27,Value and results,Is tutoring worth it in Year 9?,is-tutoring-worth-it-in-year-9,Middle,Medium
28,Value and results,What happens if the tutoring does not work?,what-if-tutoring-does-not-work,Bottom,High
29,Choosing a tutor,How do I find a good tutor near me?,how-to-find-a-good-tutor-near-me,Bottom,High
30,Choosing a tutor,What qualifications should a tutor actually have?,what-qualifications-should-a-tutor-have,Middle,High
31,Choosing a tutor,Qualified teacher or university student: which makes the better tutor?,qualified-teacher-vs-student-tutor,Middle,High
32,Choosing a tutor,Do tutors need a DBS check and how do I verify it?,do-tutors-need-a-dbs-check,Bottom,High
33,Choosing a tutor,What should I ask a tutor before I hire them?,questions-to-ask-a-tutor-before-hiring,Bottom,High
34,Choosing a tutor,What are the red flags when hiring a tutor?,red-flags-when-hiring-a-tutor,Bottom,High
35,Choosing a tutor,How can I tell if a tutor is any good before I pay?,how-to-tell-if-a-tutor-is-good,Bottom,High
36,Choosing a tutor,Does my child's tutor need to know their exam board?,does-a-tutor-need-to-know-the-exam-board,Middle,High
37,Choosing a tutor,Is it better to hire a tutor who is an examiner?,should-i-hire-an-examiner-as-a-tutor,Middle,Medium
38,Choosing a tutor,Should I trust a tutor recommended in a local Facebook group?,hiring-a-tutor-from-a-facebook-group,Bottom,High
39,Choosing a tutor,How do I know tutor reviews are genuine?,are-tutor-reviews-genuine,Bottom,Medium
40,Choosing a tutor,Is a free trial lesson worth doing and what should I look for?,is-a-free-trial-tutoring-lesson-worth-it,Bottom,High
41,Choosing a tutor,What should happen in the first tutoring session?,what-happens-in-the-first-tutoring-session,Bottom,Medium
42,Choosing a tutor,How do I change tutors without upsetting my child?,how-to-change-tutors,Bottom,Medium
43,How tutoring works,How does online tutoring actually work?,how-does-online-tutoring-work,Middle,High
44,How tutoring works,Is online tutoring as effective as in person for A-Levels?,online-vs-in-person-tutoring-a-level,Middle,High
45,How tutoring works,How long should a tutoring session be?,how-long-should-a-tutoring-session-be,Middle,Medium
46,How tutoring works,How often should my child have tutoring?,how-often-should-my-child-have-tutoring,Middle,High
47,How tutoring works,Can one tutor cover more than one subject?,can-one-tutor-teach-multiple-subjects,Bottom,Medium
48,How tutoring works,Should tutoring happen at our house the tutor's house or online?,where-should-tutoring-take-place,Middle,Medium
49,How tutoring works,Should parents sit in on tutoring sessions?,should-parents-sit-in-on-tutoring,Middle,Medium
50,How tutoring works,What does a tutor need from us — laptop textbooks past papers?,what-do-you-need-for-tutoring-sessions,Bottom,Low
51,How tutoring works,Should tutoring carry on through the school holidays?,should-tutoring-continue-in-the-holidays,Middle,Medium
52,How tutoring works,Is half term or Easter tutoring worth booking?,is-half-term-tutoring-worth-it,Middle,Medium
53,How tutoring works,Can tutoring happen before school or at weekends?,weekend-and-early-morning-tutoring,Bottom,Low
54,How tutoring works,How much homework should a tutor be setting?,how-much-homework-should-a-tutor-set,Middle,Low
55,Timing,When is the best time of year to start tutoring?,best-time-of-year-to-start-tutoring,Middle,High
56,Timing,Is January of Year 11 too late to get a tutor?,is-january-year-11-too-late-for-a-tutor,Middle,High
57,Timing,How many weeks before an exam should tutoring start?,how-many-weeks-before-exams-to-start-tutoring,Middle,High
58,Timing,How long do most children need a tutor for?,how-long-do-children-need-a-tutor,Middle,Medium
59,Timing,When should we stop tutoring?,when-to-stop-tutoring,Bottom,Medium
60,Timing,Should we book a tutor now or wait for mock results?,book-a-tutor-now-or-wait-for-mocks,Bottom,High
61,Timing,Do good tutors get booked up and when should I secure one?,when-do-tutors-get-booked-up,Bottom,High
62,Timing,Is summer tutoring before Year 11 worth it?,summer-tutoring-before-year-11,Middle,High
63,Timing,Should A-Level tutoring start in Year 12 or Year 13?,a-level-tutoring-year-12-or-year-13,Middle,High
64,Timing,Is it worth getting a tutor just for the mocks?,is-a-tutor-worth-it-just-for-mocks,Middle,Medium
65,Alternatives and comparisons,Tutoring agency vs online marketplace: what is the real difference?,tutoring-agency-vs-marketplace,Middle,High
66,Alternatives and comparisons,MyTutor Superprof or an agency: which gives better value?,mytutor-vs-superprof-vs-agency,Middle,High
67,Alternatives and comparisons,Can an AI tutor or revision app replace a real tutor?,ai-tutor-vs-real-tutor,Middle,High
68,Alternatives and comparisons,Are revision courses better value than weekly tutoring?,revision-courses-vs-weekly-tutoring,Middle,Medium
69,Alternatives and comparisons,Is an Easter revision bootcamp worth the money?,are-easter-revision-courses-worth-it,Middle,Medium
70,Alternatives and comparisons,Should we pay for tutoring when school runs free revision sessions?,tutoring-vs-school-revision-sessions,Middle,Medium
71,Alternatives and comparisons,Can I just tutor my own child?,can-i-tutor-my-own-child,Top,Medium
72,Alternatives and comparisons,Is free or school-funded tutoring any good?,is-free-tutoring-any-good,Middle,Medium
73,Alternatives and comparisons,Does my child need a subject tutor or a study skills coach?,subject-tutor-vs-study-skills-coach,Middle,Medium
74,Alternatives and comparisons,Group revision classes or one-to-one: which suits my child?,group-classes-vs-one-to-one-tutoring,Middle,Medium
75,Alternatives and comparisons,Is a revision subscription a cheaper alternative to a tutor?,revision-subscription-vs-tutor,Middle,Low
76,Alternatives and comparisons,Do school teachers do private tutoring and can I ask ours?,can-i-hire-my-childs-teacher-as-a-tutor,Middle,Medium
77,Terms and commitment,Do I have to sign a contract for tutoring?,do-you-sign-a-contract-for-tutoring,Bottom,Medium
78,Terms and commitment,How do tutors take payment and should I ever pay upfront?,how-do-you-pay-for-tutoring,Bottom,High
79,Terms and commitment,Should I buy a block of lessons in advance?,should-i-buy-a-block-of-tutoring-lessons,Bottom,Medium
80,Terms and commitment,What is a normal tutor cancellation policy?,tutor-cancellation-policy,Bottom,High
81,Terms and commitment,Do I still pay if my child is ill or on a school trip?,do-you-pay-for-a-missed-tutoring-session,Bottom,Medium
82,Terms and commitment,Can we pause tutoring over the holidays or during exams?,can-you-pause-tutoring,Bottom,Medium
83,Terms and commitment,Is there any tax relief or funding help for tutoring?,is-tutoring-tax-deductible-uk,Middle,Low
84,Terms and commitment,Are there payment plans or monthly options for tutoring?,tutoring-payment-plans,Bottom,Medium
85,Terms and commitment,What happens if we don't get on with the tutor we're matched with?,what-if-you-dont-like-your-tutor,Bottom,High
86,Terms and commitment,Is there a notice period to stop tutoring?,notice-period-to-stop-tutoring,Bottom,Medium
87,Specific situations,Can we get a tutor for a November GCSE resit?,tutoring-for-november-gcse-resits,Bottom,High
88,Specific situations,My child failed GCSE maths — what are our options now?,failed-gcse-maths-what-next,Middle,High
89,Specific situations,Can a tutor help a child who has been out of school?,tutoring-for-children-out-of-school,Middle,Medium
90,Specific situations,Is tutoring suitable for children with ADHD autism or dyslexia?,tutoring-for-send-adhd-dyslexia,Middle,High
91,Specific situations,Can a tutor help with exam anxiety rather than the subject itself?,tutoring-for-exam-anxiety,Middle,High
92,Specific situations,Can a tutor help with coursework or an NEA?,can-a-tutor-help-with-coursework,Bottom,Medium
93,Specific situations,Can a tutor help with the UCAS personal statement?,tutoring-for-ucas-personal-statements,Bottom,High
94,Specific situations,Can we get UK tutoring if we live abroad or in another time zone?,uk-tutoring-from-abroad,Bottom,Medium
95,Specific situations,Do tutors prepare children for entrance exams and interviews?,tutoring-for-entrance-exams-and-interviews,Middle,Medium
96,Specific situations,Can a tutor help with a remark appeal or resit decision after results day?,tutor-help-after-results-day,Middle,Medium
97,Parent objections,Will my child resent me for getting them a tutor?,will-my-child-resent-having-a-tutor,Top,High
98,Parent objections,Will the school think we are overstepping if we hire a tutor?,what-schools-think-about-private-tutors,Top,Medium
99,Parent objections,Should we tell the school our child has a tutor?,should-you-tell-the-school-about-a-tutor,Top,Medium
100,Parent objections,Is private tutoring an unfair advantage?,is-private-tutoring-unfair,Top,Medium
