Location,General,,,GCSE Subjects,,,,,,,,,,,,,,,,,,A Level Subjects,,,,,,,,,,,,,,,,,,
,Tutors,GCSE Tutors,A Level Tutors,GCSE Maths,GCSE English,GCSE Science,GCSE Biology,GCSE Chemistry,GCSE Physics,GCSE Business,GCSE Computer Science,GCSE Economics,GCSE French,GCSE Further Maths,GCSE Geography,GCSE German,GCSE History,GCSE Italian,GCSE Media,GCSE Psychology,GCSE Spanish,A Level Biology,A Level Business,A Level Chemistry,A Level Computer Science,A Level Economics,A Level English,A Level Further Maths,A Level French,A Level Geography,A Level German,A Level History,A Level Maths,A Level Law,A Level Philosophy,A Level Physics,A Level Politics,A Level Psychology,A Level Sociology,A Level Spanish
Manchester,DONE,DONE,DONE,DONE,DONE,DONE,,,,,,,,,,,,,,,,,,,,,,,,,,,,,,DONE,,,,
Birmingham,DONE,DONE,DONE,DONE,DONE,DONE,,,,,,,,,,,,,,,,,,,,,,,,,,,,,,,,,,
Leeds,DONE,DONE,DONE,DONE,DONE,DONE,,,,,,,,,,,,,,,,,,,,,,,,,,,,,,,,,,
Liverpool,DONE,DONE,DONE,DONE,DONE,DONE,,,,,,,,,,,,,,,,,,,,,,,,,,,,,,,,,,
Sheffield,DONE,DONE,DONE,DONE,DONE,DONE,,,,,,,,,,,,,,,,,,,,,,,,,,,,,,,,,,
Bristol,DONE,DONE,DONE,DONE,DONE,DONE,,,,,,,,,,,,,,,,,,,,,,,,,,,,,,,,,,
Wigan,DONE,DONE,DONE,DONE,DONE,DONE,,,,,,,,,,,,,,,,,,,,,,,,,,,,,,,,,,
Leicester,DONE,DONE,DONE,,,,,,,,,,,,,,,,,,,,,,,,,,,,,,,,,,,,,
Coventry,DONE,DONE,DONE,,,,,,,,,,,,,,,,,,,,,,,,,,,,,,,,,,,,,
Reading,DONE,DONE,DONE,,,,,,,,,,,,,,,,,,,,,,,,,,,,,,,,,,,,,
Brighton,DONE,DONE,DONE,,,,,,,,,,,,,,,,,,,,,,,,,,,,,,,,,,,,,
Southampton,DONE,DONE,DONE,DONE,,,,,,,,,,,,,,,,,,,,,,,,,,,,,,,,,,,,
Portsmouth,DONE,DONE,DONE,,,,,,,,,,,,,,,,,,,,,,,,,,,,,,,,,,,,,
Derby,DONE,DONE,DONE,,,,,,,,,,,,,,,,,,,,,,,,,,,,,,,,,,,,,
Swindon,DONE,DONE,DONE,,,,,,,,,,,,,,,,,,,,,,,,,,,,,,,,,,,,,
Norwich,DONE,DONE,DONE,,,,,,,,,,,,,,,,,,,,,,,,,,,,,,,,,,,,,
Peterborough,DONE,DONE,DONE,,,,,,,,,,,,,,,,,,,,,,,,,,,,,,,,,,,,,
Wolverhampton,DONE,DONE,DONE,,,,,,,,,,,,,,,,,,,,,,,,,,,,,,,,,,,,,
Exeter,DONE,,,,,,,,,,,,,,,,,,,,,,,,,,,,,,,,,,,,,,,
Oxford,DONE,DONE,DONE,,,,,,,,,,,,,,,,,,,,,,,,,,,,,,,,,,,,,
Cambridge,DONE,DONE,DONE,,,,,,,,,,,,,,,,,,,,,,,,,,,,,,,,,,,,,
St Albans,DONE,DONE,DONE,DONE,,,,,,,,,,,,,,,,,,,,,,,,,,,,,,,,,,,,
Aylesbury,DONE,DONE,DONE,DONE,DONE,DONE,,,,,,,,,,,,,,,,,,,,,,,,,,,,,,,,,,
Epsom,DONE,DONE,DONE,DONE,DONE,DONE,,,,,,,,,,,,,,,,,,,,,,,,,,,,,,,,,,
Watford,DONE,DONE,DONE,DONE,DONE,DONE,,,,,,,,,,,,,,,,,,,,,,,,,,,,,,,,,,
Tunbridge Wells,DONE,DONE,DONE,,,,,,,,,,,,,,,,,,,,,,,,,,,,,,,,,,,,,
Stratford-upon-Avon,DONE,,,,,,,,,,,,,,,,,,,,,,,,,,,,,,,,,,,,,,,
Worcester,DONE,,,,,,,,,,,,,,,,,,,,,,,,,,,,,,,,,,,,,,,
Cheltenham,DONE,,,,,,,,,,,,,,,,,,,,,,,,,,,,,,,,,,,,,,,
Harrogate,DONE,,,,,,,,,,,,,,,,,,,,,,,,,,,,,,,,,,,,,,,
York,DONE,DONE,DONE,,,,,,,,,,,,,,,,,,,,,,,,,,,,,,,,,,,,,
Winchester,DONE,,,,,,,,,,,,,,,,,,,,,,,,,,,,,,,,,,,,,,,
Chester,DONE,,,,,,,,,,,,,,,,,,,,,,,,,,,,,,,,,,,,,,,
Royal Leamington Spa,DONE,,,,,,,,,,,,,,,,,,,,,,,,,,,,,,,,,,,,,,,
Warwick,DONE,,,,,,,,,,,,,,,,,,,,,,,,,,,,,,,,,,,,,,,
Stevenage,DONE,,,,,,,,,,,,,,,,,,,,,,,,,,,,,,,,,,,,,,,
Hemel Hempstead,DONE,,,,,,,,,,,,,,,,,,,,,,,,,,,,,,,,,,,,,,,
Milton Keynes,DONE,DONE,DONE,,,,,,,,,,,,,,,,,,,,,,,,,,,,,,,,,,,,,
Guildford,DONE,DONE,DONE,,,,,,,,,,,,,,,,,,,,,,,,,,,,,,,,,,,,,
Welwyn Garden City,DONE,,,,,,,,,,,,,,,,,,,,,,,,,,,,,,,,,,,,,,,
Hatfield,DONE,,,,,,,,,,,,,,,,,,,,,,,,,,,,,,,,,,,,,,,
High Wycombe,DONE,DONE,DONE,,,,,,,,,,,,,,,,,,,,,,,,,,,,,,,,,,,,,
Chesham,DONE,,,,,,,,,,,,,,,,,,,,,,,,,,,,,,,,,,,,,,,
Banbury,DONE,,,,,,,,,,,,,,,,,,,,,,,,,,,,,,,,,,,,,,,
Canterbury,DONE,DONE,DONE,,,,,,,,,,,,,,,,,,,,,,,,,,,,,,,,,,,,,
Harpenden,DONE,,,,,,,,,,,,,,,,,,,,,,,,,,,,,,,,,,,,,,,
London,DONE,DONE,DONE,DONE,DONE,DONE,,,,,,,,,,,,,,,,,,,,,,,,,,,,,,,,,,
Sunbury-on-Thames,DONE,,,,,,,,,,,,,,,,,,,,,,,,,,,,,,,,,,,,,,,
Sevenoaks,DONE,DONE,DONE,,,,,,,,,,,,,,,,,,,,,,,,,,,,,,,,,,,,,
Loughborough,DONE,,,,,,,,,,,,,,,,,,,,,,,,,,,,,,,,,,,,,,,
Colchester,DONE,,,,,,,,,,,,,,,,,,,,,,,,,,,,,,,,,,,,,,,
Chelmsford,DONE,DONE,DONE,,,,,,,,,,,,,,,,,,,,,,,,,,,,,,,,,,,,,
Solihull,DONE,,,,,,,,,,,,,,,,,,,,,,,,,,,,,,,,,,,,,,,
Sutton Coldfield,DONE,,,,,,,,,,,,,,,,,,,,,,,,,,,,,,,,,,,,,,,
Altrincham,DONE,DONE,DONE,DONE,DONE,DONE,,,,,,,,,,,,,,,,,,,,,,,,,,,DONE,,,,,,,
Wilmslow,DONE,DONE,DONE,DONE,DONE,DONE,,,,,,,,,,,,,,,,,,,,,,,,,,,DONE,,,,,,,
Knutsford,DONE,DONE,DONE,DONE,DONE,DONE,,,,,,,,,,,,,,,,,,,,,,,,,,,DONE,,,,,,,
Didsbury,DONE,DONE,DONE,DONE,DONE,DONE,,,,,,,,,,,,,,,,,,,,,,,,,,,DONE,,,,,,,
Stockport,DONE,DONE,DONE,DONE,DONE,DONE,,,,,,,,,,,,,,,,,,,,,,,,,,,DONE,,,,,,,
Maidstone,DONE,DONE,DONE,DONE,DONE,DONE,,,,,,,,,,,,,,,,,,,,,,,,,,,DONE,,,,,,,
Tonbridge,DONE,DONE,DONE,DONE,DONE,DONE,,,,,,,,,,,,,,,,,,,,,,,,,,,DONE,,,,,,,
Basingstoke,DONE,DONE,DONE,DONE,DONE,DONE,,,,,,,,,,,,,,,,DONE,,DONE,,,,,,,,,DONE,,,,,,,
Beaconsfield,DONE,DONE,DONE,DONE,DONE,DONE,,,,,,,,,,,,,,,,,,,,,,,,,,,DONE,,,,,,,
Gerrards Cross,DONE,DONE,DONE,DONE,DONE,DONE,,,,,,,,,,,,,,,,,,,,,,,,,,,DONE,,,,,,,
Amersham,DONE,DONE,DONE,DONE,DONE,DONE,,,,,,,,,,,,,,,,,,,,,,,,,,,DONE,,,,,,,
Marlow,DONE,DONE,DONE,DONE,DONE,DONE,,,,,,,,,,,,,,,,,,,,,,,,,,,DONE,,,,,,,
Berkhamsted,DONE,DONE,DONE,DONE,DONE,DONE,,,,,,,,,,,,,,,,,,,,,,,,,,,DONE,,,,,,,
Letchworth,DONE,DONE,DONE,DONE,DONE,DONE,,,,,,,,,,,,,,,,,,,,,,,,,,,DONE,,,,,,,
St Neots,DONE,DONE,DONE,DONE,DONE,DONE,,,,,,,,,,,,,,,,,,,,,,,,,,,DONE,,,,,,,
Royston,DONE,DONE,DONE,DONE,DONE,DONE,,,,,,,,,,,,,,,,,,,,,,,,,,,DONE,,,,,,,
Woking,DONE,DONE,DONE,DONE,DONE,DONE,,,,,,,,,,,,,,,,,,,,,,,,,,,DONE,,,,,,,
Weybridge,DONE,DONE,DONE,DONE,DONE,DONE,,,,,,,,,,,,,,,,,,,,,,,,,,,DONE,,,,,,,
Esher,DONE,DONE,DONE,DONE,DONE,DONE,,,,,,,,,,,,,,,,,,,,,,,,,,,DONE,,,,,,,
Reigate,DONE,DONE,DONE,DONE,DONE,DONE,,,,,,,,,,,,,,,,,,,,,,,,,,,DONE,,,,,,,
Camberley,DONE,DONE,DONE,DONE,DONE,DONE,,,,,,,,,,,,,,,,,,,,,,,,,,,DONE,,,,,,,
Farnham,DONE,DONE,DONE,DONE,DONE,DONE,,,,,,,,,,,,,,,,,,,,,,,,,,,DONE,,,,,,,
Godalming,DONE,DONE,DONE,DONE,DONE,DONE,,,,,,,,,,,,,,,,,,,,,,,,,,,DONE,,,,,,,
Cobham,DONE,DONE,DONE,DONE,DONE,DONE,,,,,,,,,,,,,,,,,,,,,,,,,,,DONE,,,,,,,
Fleet,DONE,DONE,DONE,DONE,DONE,DONE,,,,,,,,,,,,,,,,,,,,,,,,,,,DONE,,,,,,,
Aldershot,DONE,DONE,DONE,DONE,DONE,DONE,,,,,,,,,,,,,,,,DONE,,DONE,,,,,,,,,DONE,,,,,,,
Abingdon,DONE,DONE,DONE,DONE,DONE,DONE,,,,,,,,,,,,,,,,,,,,,,,,,,,DONE,,,,,,,
Bicester,DONE,DONE,DONE,DONE,DONE,DONE,,,,,,,,,,,,,,,,,,,,,,,,,,,DONE,,,,,,,
Henley-on-Thames,DONE,DONE,DONE,DONE,DONE,DONE,,,,,,,,,,,,,,,,,,,,,,,,,,,DONE,,,,,,,
Didcot,DONE,DONE,DONE,DONE,DONE,DONE,,,,,,,,,,,,,,,,,,,,,,,,,,,DONE,,,,,,,
Stamford,DONE,DONE,DONE,DONE,DONE,DONE,,,,,,,,,,,,,,,,,,,,,,,,,,,DONE,,,,,,,
Cirencester,DONE,DONE,DONE,DONE,DONE,DONE,,,,,,,,,,,,,,,,,,,,,,,,,,,DONE,,,,,,,
Kenilworth,DONE,DONE,DONE,DONE,DONE,DONE,,,,,,,,,,,,,,,,,,,,,,,,,,,DONE,,,,,,,
Beverley,DONE,DONE,DONE,DONE,DONE,DONE,,,,,,,,,,,,,,,,,,,,,,,,,,,DONE,,,,,,,
Hitchin,DONE,DONE,DONE,DONE,DONE,DONE,,,,,,,,,,,,,,,,,,,,,,,,,,,DONE,,,,,,,
Bushey,DONE,DONE,DONE,DONE,DONE,DONE,,,,,,,,,,,,,,,,,,,,,,,,,,,DONE,,,,,,,
Potters Bar,DONE,DONE,DONE,DONE,DONE,DONE,,,,,,,,,,,,,,,,,,,,,,,,,,,DONE,,,,,,,
Rickmansworth,DONE,DONE,DONE,DONE,DONE,DONE,,,,,,,,,,,,,,,,,,,,,,,,,,,DONE,,,,,,,
Bishops Stortford,DONE,DONE,DONE,DONE,DONE,DONE,,,,,,,,,,,,,,,,,,,,,,,,,,,DONE,,,,,,,
Borehamwood,,,,,,,,,,,,,,,,,,,,,,,,,,,,,,,,,,,,,,,,
Princes Risborough,,,,,,,,,,,,,,,,,,,,,,,,,,,,,,,,,,,,,,,,
Great Missenden,,,,,,,,,,,,,,,,,,,,,,,,,,,,,,,,,,,,,,,,
Leighton Buzzard,,,,,,,,,,,,,,,,,,,,,,,,,,,,,,,,,,,,,,,,
Ampthill,,,,,,,,,,,,,,,,,,,,,,,,,,,,,,,,,,,,,,,,
Bury St Edmunds,,,,,,,,,,,,,,,,,,,,,,,,,,,,,,,,,,,,,,,,
Marlborough,,,,,,,,,,,,,,,,,,,,,,,,,,,,,,,,,,,,,,,,
Baldock,DONE,DONE,DONE,,,,,,,,,,,,,,,,,,,,,,,,,,,,,,,,,,,,,
Nottingham,DONE,DONE,DONE,,,,,,,,,,,,,,,,,,,,,,,,,,,,,,,,,,,,,
