thedegreegap.com/areas-we-cover/aldershot-gcse-a-level-tutoring,https://thedegreegap.com/study/locations/aldershot-tutors/,301,TRUE,TRUE,TRUE,FALSE
thedegreegap.com/areas-we-cover/bicester-gcse-a-level-tutoring,https://thedegreegap.com/study/locations/bicester-tutors/,301,TRUE,TRUE,TRUE,FALSE
thedegreegap.com/areas-we-cover/birmingham-gcse-a-level-tutoring,https://thedegreegap.com/study/locations/birmingham-tutors/,301,TRUE,TRUE,TRUE,FALSE
thedegreegap.com/areas-we-cover/cambridge-gcse-a-level-tutoring,https://thedegreegap.com/study/locations/cambridge-tutors/,301,TRUE,TRUE,TRUE,FALSE
thedegreegap.com/areas-we-cover/canterbury-gcse-a-level-tutoring,https://thedegreegap.com/study/locations/canterbury-tutors/,301,TRUE,TRUE,TRUE,FALSE
thedegreegap.com/areas-we-cover/chelmsford-gcse-a-level-tutoring,https://thedegreegap.com/study/locations/chelmsford-tutors/,301,TRUE,TRUE,TRUE,FALSE
thedegreegap.com/areas-we-cover/chorlton-gcse-a-level-tutoring,https://thedegreegap.com/study/locations/manchester-tutors/,301,TRUE,TRUE,TRUE,FALSE
thedegreegap.com/areas-we-cover/cobham-gcse-a-level-tutoring,https://thedegreegap.com/study/locations/cobham-tutors/,301,TRUE,TRUE,TRUE,FALSE
thedegreegap.com/areas-we-cover/didsbury-gcse-a-level-tutoring,https://thedegreegap.com/study/locations/didsbury-tutors/,301,TRUE,TRUE,TRUE,FALSE
thedegreegap.com/areas-we-cover/epsom-gcse-a-level-tutoring,https://thedegreegap.com/study/locations/epsom-tutors/,301,TRUE,TRUE,TRUE,FALSE
thedegreegap.com/areas-we-cover/henley-on-thames-gcse-a-level-tutoring,https://thedegreegap.com/study/locations/henley-on-thames-tutors/,301,TRUE,TRUE,TRUE,FALSE
thedegreegap.com/areas-we-cover/kenilworth-gcse-a-level-tutoring,https://thedegreegap.com/study/locations/kenilworth-tutors/,301,TRUE,TRUE,TRUE,FALSE
thedegreegap.com/areas-we-cover/letchworth-gcse-a-level-tutoring,https://thedegreegap.com/study/locations/letchworth-tutors/,301,TRUE,TRUE,TRUE,FALSE
thedegreegap.com/areas-we-cover/loughborough-gcse-a-level-tutoring,https://thedegreegap.com/study/locations/loughborough-tutors/,301,TRUE,TRUE,TRUE,FALSE
thedegreegap.com/areas-we-cover/manchester-gcse-a-level-tutoring,https://thedegreegap.com/study/locations/manchester-tutors/,301,TRUE,TRUE,TRUE,FALSE
thedegreegap.com/areas-we-cover/marlow-gcse-a-level-tutoring,https://thedegreegap.com/study/locations/marlow-tutors/,301,TRUE,TRUE,TRUE,FALSE
thedegreegap.com/areas-we-cover/northern-quarter-gcse-a-level-tutoring,https://thedegreegap.com/study/locations/manchester-tutors/,301,TRUE,TRUE,TRUE,FALSE
thedegreegap.com/areas-we-cover/royal-leamington-spa-gcse-a-level-tutoring,https://thedegreegap.com/study/locations/royal-leamington-spa-tutors/,301,TRUE,TRUE,TRUE,FALSE
thedegreegap.com/areas-we-cover/rusholme-gcse-a-level-tutoring,https://thedegreegap.com/study/locations/manchester-tutors/,301,TRUE,TRUE,TRUE,FALSE
thedegreegap.com/areas-we-cover/stockport-gcse-a-level-tutoring,https://thedegreegap.com/study/locations/stockport-tutors/,301,TRUE,TRUE,TRUE,FALSE
thedegreegap.com/areas-we-cover/stratford-upon-avon-gcse-a-level-tutoring,https://thedegreegap.com/study/locations/stratford-upon-avon-tutors/,301,TRUE,TRUE,TRUE,FALSE
thedegreegap.com/areas-we-cover/sunbury-on-thames-gcse-a-level-tutoring,https://thedegreegap.com/study/locations/sunbury-on-thames-tutors/,301,TRUE,TRUE,TRUE,FALSE
thedegreegap.com/areas-we-cover/sutton-gcse-a-level-tutoring,https://thedegreegap.com/study/locations/sutton-tutors/,301,TRUE,TRUE,TRUE,FALSE
thedegreegap.com/areas-we-cover/tamworth-gcse-a-level-tutoring,https://thedegreegap.com/study/locations/tamworth-tutors/,301,TRUE,TRUE,TRUE,FALSE
thedegreegap.com/areas-we-cover/warwick-gcse-a-level-tutoring,https://thedegreegap.com/study/locations/warwick-tutors/,301,TRUE,TRUE,TRUE,FALSE
thedegreegap.com/areas-we-cover/watford-gcse-a-level-tutoring,https://thedegreegap.com/study/locations/watford-tutors/,301,TRUE,TRUE,TRUE,FALSE
thedegreegap.com/areas-we-cover/york-gcse-a-level-tutoring,https://thedegreegap.com/study/locations/york-tutors/,301,TRUE,TRUE,TRUE,FALSE
